issued_at_utc,issue_date,site,night_date,lead,p_usable,verdict,dark_hours,n_models_used,models_missing,spread,agreement,best_window_hours,blend_version,forecast_source,gfs_frac_clear,gfs_longest_clear_run_frac,gfs_mean_cover,hrrr_frac_clear,hrrr_longest_clear_run_frac,hrrr_mean_cover,ecmwf_frac_clear,ecmwf_longest_clear_run_frac,ecmwf_mean_cover,gem_frac_clear,gem_longest_clear_run_frac,gem_mean_cover,icon_frac_clear,icon_longest_clear_run_frac,icon_mean_cover,nbm_frac_clear,nbm_longest_clear_run_frac,nbm_mean_cover,nbm_pred_usable,ens_ecmwf_p_usable,ens_ecmwf_members,ens_gefs_p_usable,ens_gefs_members,code_version
2026-09-30T02:26:07.519626+00:00,2026-09-29,AUN,2026-09-29,1,0.9885687102689978,Go,9,5,,0.0,Models agree,9,8cb61ac,live,1.0,1.0,0.0,1.0,1.0,0.0,1.0,1.0,0.0,1.0,1.0,0.0,1.0,1.0,0.0,1.0,1.0,0.0155555555555555,1.0,1.0,51,1.0,31,f756c01
2026-09-30T02:26:07.519626+00:00,2026-09-29,AUN,2026-09-30,2,0.983834207263918,Go,9,4,,0.0,Models agree,9,8cb61ac,live,1.0,1.0,0.0,,,,1.0,1.0,0.0,1.0,1.0,0.0,1.0,1.0,0.0,1.0,1.0,0.0122222222222222,1.0,1.0,51,1.0,31,f756c01
2026-09-30T02:26:07.519626+00:00,2026-09-29,AUN,2026-10-01,3,0.4193835299446923,Maybe,9,4,,0.2873355675774611,Models split,1,8cb61ac,live,0.3333333333333333,0.2222222222222222,0.5777777777777778,,,,0.3333333333333333,0.2222222222222222,0.4677777777777778,0.8888888888888888,0.8888888888888888,0.0944444444444444,0.1111111111111111,0.1111111111111111,0.5911111111111111,0.3333333333333333,0.3333333333333333,0.2166666666666666,1.0,0.5686274509803921,51,0.2580645161290322,31,f756c01
2026-09-30T02:26:07.519626+00:00,2026-09-29,AUN,2026-10-02,4,0.5068900087199826,Maybe,9,4,,0.376796110173626,Models split,3,8cb61ac,live,0.4444444444444444,0.3333333333333333,0.5144444444444445,,,,0.7777777777777778,0.7777777777777778,0.14,0.0,0.0,0.6922222222222223,1.0,1.0,0.0733333333333333,0.0,0.0,0.4555555555555555,0.0,0.2745098039215686,51,0.3225806451612903,31,f756c01
2026-09-30T02:26:07.519626+00:00,2026-09-29,AUN,2026-10-03,5,0.631132924456782,Maybe,9,4,,0.2605786533235238,Models agree,5,8cb61ac,live,1.0,1.0,0.0311111111111111,,,,0.3333333333333333,0.3333333333333333,0.2788888888888888,0.4444444444444444,0.4444444444444444,0.3622222222222222,0.4444444444444444,0.4444444444444444,0.3411111111111111,0.0,0.0,0.2555555555555555,0.0,0.7254901960784313,51,0.7419354838709677,31,f756c01
2026-09-30T02:26:07.519626+00:00,2026-09-29,AUN,2026-10-04,6,0.9285817580422632,Go,9,4,,0.0,Models agree,9,8cb61ac,live,1.0,1.0,0.0066666666666666,,,,1.0,1.0,0.0011111111111111,1.0,1.0,0.0533333333333333,1.0,1.0,0.0,1.0,1.0,0.0777777777777777,1.0,0.9215686274509804,51,0.8387096774193549,31,f756c01
2026-09-30T02:26:07.519626+00:00,2026-09-29,AUN,2026-10-05,7,0.6670888850374306,Maybe,9,3,,0.4714045207910317,Models split,9,8cb61ac,live,1.0,1.0,0.0266666666666666,,,,1.0,1.0,0.0,0.0,0.0,0.7611111111111111,,,,1.0,1.0,0.1366666666666666,1.0,0.9607843137254902,51,1.0,31,f756c01
2026-09-30T02:26:07.519626+00:00,2026-09-29,BIH,2026-09-29,1,0.975774233916316,Go,9,5,,0.0,Models agree,9,8cb61ac,live,1.0,1.0,0.0188888888888888,1.0,1.0,0.0,1.0,1.0,0.0,1.0,1.0,0.0,1.0,1.0,0.0,1.0,1.0,0.0355555555555555,1.0,1.0,51,1.0,31,f756c01
2026-09-30T02:26:07.519626+00:00,2026-09-29,BIH,2026-09-30,2,0.9620722374447696,Go,9,4,,0.0,Models agree,9,8cb61ac,live,1.0,1.0,0.0,,,,1.0,1.0,0.0,1.0,1.0,0.0,1.0,1.0,0.0,1.0,1.0,0.0466666666666666,1.0,1.0,51,1.0,31,f756c01
2026-09-30T02:26:07.519626+00:00,2026-09-29,BIH,2026-10-01,3,0.928184444959609,Go,9,4,,0.0481125224324688,Models agree,9,8cb61ac,live,0.8888888888888888,0.7777777777777778,0.0644444444444444,,,,1.0,1.0,0.0066666666666666,1.0,1.0,0.0,1.0,1.0,0.0266666666666666,1.0,1.0,0.0422222222222222,1.0,0.9803921568627452,51,0.935483870967742,31,f756c01
2026-09-30T02:26:07.519626+00:00,2026-09-29,BIH,2026-10-02,4,0.3375134838913459,Skip,9,4,,0.4258252699098859,Models split,2,8cb61ac,live,0.0,0.0,1.0,,,,0.7777777777777778,0.7777777777777778,0.1633333333333333,1.0,1.0,0.0,0.1111111111111111,0.1111111111111111,0.6611111111111111,0.6666666666666666,0.6666666666666666,0.2055555555555555,1.0,0.5882352941176471,51,0.2580645161290322,31,f756c01
2026-09-30T02:26:07.519626+00:00,2026-09-29,BIH,2026-10-03,5,0.7375467512858922,Go,10,4,,0.25,Models agree,7,8cb61ac,live,0.5,0.5,0.442,,,,0.5,0.5,0.213,1.0,1.0,0.0,1.0,1.0,0.021,1.0,1.0,0.09,1.0,0.9607843137254902,51,1.0,31,f756c01
2026-09-30T02:26:07.519626+00:00,2026-09-29,BIH,2026-10-04,6,0.8488503220669094,Go,10,4,,0.1299038105676658,Models agree,10,8cb61ac,live,0.7,0.7,0.1679999999999999,,,,1.0,1.0,0.021,0.8,0.8,0.082,1.0,1.0,0.01,0.8,0.8,0.108,1.0,0.9411764705882352,51,0.6774193548387096,31,f756c01
2026-09-30T02:26:07.519626+00:00,2026-09-29,BIH,2026-10-05,7,0.7750613195538393,Go,10,3,,0.2357022603955158,Models agree,10,8cb61ac,live,0.5,0.4,0.3339999999999999,,,,1.0,1.0,0.002,1.0,1.0,0.013,,,,1.0,1.0,0.09,1.0,0.9803921568627452,51,0.967741935483871,31,f756c01
2026-09-30T02:26:07.519626+00:00,2026-09-29,FAT,2026-09-29,1,0.945112884073908,Go,9,5,,0.0,Models agree,9,8cb61ac,live,1.0,1.0,0.0,1.0,1.0,0.0,1.0,1.0,0.0,1.0,1.0,0.0,1.0,1.0,0.0,1.0,1.0,0.0366666666666666,1.0,1.0,51,1.0,31,f756c01
2026-09-30T02:26:07.519626+00:00,2026-09-29,FAT,2026-09-30,2,0.924190573047532,Go,9,4,,0.0,Models agree,9,8cb61ac,live,1.0,1.0,0.0,,,,1.0,1.0,0.0,1.0,1.0,0.0,1.0,1.0,0.0,1.0,1.0,0.0355555555555555,1.0,1.0,51,1.0,31,f756c01
2026-09-30T02:26:07.519626+00:00,2026-09-29,FAT,2026-10-01,3,0.697127754728387,Maybe,9,4,,0.1360827634879543,Models agree,6,8cb61ac,live,0.6666666666666666,0.4444444444444444,0.2388888888888888,,,,1.0,1.0,0.0611111111111111,0.6666666666666666,0.6666666666666666,0.1588888888888888,0.7777777777777778,0.7777777777777778,0.1988888888888889,1.0,1.0,0.1255555555555555,1.0,0.9411764705882352,51,0.8387096774193549,31,f756c01
2026-09-30T02:26:07.519626+00:00,2026-09-29,FAT,2026-10-02,4,0.3785370528833507,Skip,9,4,,0.3179311983960999,Models split,5,8cb61ac,live,0.2222222222222222,0.1111111111111111,0.7966666666666666,,,,0.8888888888888888,0.8888888888888888,0.0766666666666666,1.0,1.0,0.0133333333333333,0.4444444444444444,0.4444444444444444,0.4477777777777778,0.1111111111111111,0.1111111111111111,0.2555555555555555,0.0,0.6666666666666666,51,0.2580645161290322,31,f756c01
2026-09-30T02:26:07.519626+00:00,2026-09-29,FAT,2026-10-03,5,0.7645263706875852,Go,9,4,,0.1821510701195,Models agree,9,8cb61ac,live,0.5555555555555556,0.3333333333333333,0.4,,,,0.8888888888888888,0.8888888888888888,0.0366666666666666,1.0,1.0,0.0511111111111111,1.0,1.0,0.0011111111111111,0.8888888888888888,0.8888888888888888,0.1255555555555555,1.0,0.9215686274509804,51,0.967741935483871,31,f756c01
2026-09-30T02:26:07.519626+00:00,2026-09-29,FAT,2026-10-04,6,0.8490044638083064,Go,9,4,,0.0,Models agree,9,8cb61ac,live,1.0,1.0,0.0,,,,1.0,1.0,0.0,1.0,1.0,0.0,1.0,1.0,0.0,1.0,1.0,0.0622222222222222,1.0,0.9607843137254902,51,0.9032258064516128,31,f756c01
2026-09-30T02:26:07.519626+00:00,2026-09-29,FAT,2026-10-05,7,0.7830721959391169,Go,9,3,,0.0,Models agree,9,8cb61ac,live,1.0,1.0,0.0,,,,1.0,1.0,0.0,1.0,1.0,0.0733333333333333,,,,1.0,1.0,0.0511111111111111,1.0,0.9803921568627452,51,1.0,31,f756c01
2026-09-30T02:26:07.519626+00:00,2026-09-29,SAC,2026-09-29,1,0.9881620087806836,Go,9,5,,0.0,Models agree,9,8cb61ac,live,1.0,1.0,0.0,1.0,1.0,0.0,1.0,1.0,0.0,1.0,1.0,0.0,1.0,1.0,0.0,1.0,1.0,0.0077777777777777,1.0,1.0,51,1.0,31,f756c01
2026-09-30T02:26:07.519626+00:00,2026-09-29,SAC,2026-09-30,2,0.9831728600094196,Go,9,4,,0.0,Models agree,9,8cb61ac,live,1.0,1.0,0.0,,,,1.0,1.0,0.0,1.0,1.0,0.0,1.0,1.0,0.0,1.0,1.0,0.0022222222222222,1.0,1.0,51,1.0,31,f756c01
2026-09-30T02:26:07.519626+00:00,2026-09-29,SAC,2026-10-01,3,0.2032760731199089,Skip,9,4,,0.198373011903968,Models agree,1,8cb61ac,live,0.2222222222222222,0.2222222222222222,0.79,,,,0.0,0.0,0.6911111111111111,0.5555555555555556,0.4444444444444444,0.24,0.2222222222222222,0.2222222222222222,0.67,0.2222222222222222,0.2222222222222222,0.2288888888888889,0.0,0.4705882352941176,51,0.1935483870967742,31,f756c01
2026-09-30T02:26:07.519626+00:00,2026-09-29,SAC,2026-10-02,4,0.4943943381212035,Maybe,9,4,,0.2763853991962833,Models agree,2,8cb61ac,live,0.6666666666666666,0.4444444444444444,0.3233333333333333,,,,0.6666666666666666,0.5555555555555556,0.1133333333333333,0.0,0.0,0.6622222222222223,0.5555555555555556,0.5555555555555556,0.2477777777777777,0.0,0.0,0.3655555555555556,0.0,0.2941176470588235,51,0.3548387096774194,31,f756c01
2026-09-30T02:26:07.519626+00:00,2026-09-29,SAC,2026-10-03,5,0.881690013029647,Go,9,4,,0.1242259987499883,Models agree,9,8cb61ac,live,1.0,1.0,0.0122222222222222,,,,0.6666666666666666,0.4444444444444444,0.1488888888888889,0.8888888888888888,0.8888888888888888,0.0922222222222222,0.7777777777777778,0.7777777777777778,0.0999999999999999,1.0,1.0,0.1777777777777777,1.0,0.803921568627451,51,0.7741935483870968,31,f756c01
2026-09-30T02:26:07.519626+00:00,2026-09-29,SAC,2026-10-04,6,0.9262388217328138,Go,9,4,,0.0,Models agree,9,8cb61ac,live,1.0,1.0,0.0,,,,1.0,1.0,0.0,1.0,1.0,0.0877777777777777,1.0,1.0,0.0,1.0,1.0,0.0588888888888888,1.0,0.9411764705882352,51,0.967741935483871,31,f756c01
2026-09-30T02:26:07.519626+00:00,2026-09-29,SAC,2026-10-05,7,0.8399678858361966,Go,9,3,,0.2095131203515696,Models agree,9,8cb61ac,live,1.0,1.0,0.0,,,,1.0,1.0,0.0,0.5555555555555556,0.5555555555555556,0.1811111111111111,,,,1.0,1.0,0.05,1.0,0.9803921568627452,51,1.0,31,f756c01
2026-09-30T02:26:07.519626+00:00,2026-09-29,TRK,2026-09-29,1,0.9785653101393824,Go,9,5,,0.0,Models agree,9,8cb61ac,live,1.0,1.0,0.0,1.0,1.0,0.0,1.0,1.0,0.0,1.0,1.0,0.0,1.0,1.0,0.0,1.0,1.0,0.0322222222222222,1.0,1.0,51,1.0,31,f756c01
2026-09-30T02:26:07.519626+00:00,2026-09-29,TRK,2026-09-30,2,0.9732051867935742,Go,9,4,,0.0,Models agree,9,8cb61ac,live,1.0,1.0,0.0,,,,1.0,1.0,0.0,1.0,1.0,0.0,1.0,1.0,0.0,1.0,1.0,0.0355555555555555,1.0,1.0,51,1.0,31,f756c01
2026-09-30T02:26:07.519626+00:00,2026-09-29,TRK,2026-10-01,3,0.343529911882983,Skip,9,4,,0.32394177193585,Models split,4,8cb61ac,live,0.2222222222222222,0.2222222222222222,0.7777777777777778,,,,0.3333333333333333,0.3333333333333333,0.51,1.0,1.0,0.0055555555555555,0.2222222222222222,0.2222222222222222,0.5988888888888889,0.6666666666666666,0.6666666666666666,0.1744444444444444,1.0,0.5098039215686274,51,0.3548387096774194,31,f756c01
2026-09-30T02:26:07.519626+00:00,2026-09-29,TRK,2026-10-02,4,0.455125752330029,Maybe,9,4,,0.2991758226185835,Models agree,3,8cb61ac,live,0.3333333333333333,0.2222222222222222,0.6966666666666667,,,,0.6666666666666666,0.6666666666666666,0.2022222222222222,0.1111111111111111,0.1111111111111111,0.4266666666666666,0.8888888888888888,0.8888888888888888,0.0711111111111111,0.0,0.0,0.3922222222222222,0.0,0.2549019607843137,51,0.2258064516129032,31,f756c01
2026-09-30T02:26:07.519626+00:00,2026-09-29,TRK,2026-10-03,5,0.5775879512720221,Maybe,9,4,,0.2530675994206749,Models agree,3,8cb61ac,live,0.5555555555555556,0.5555555555555556,0.4599999999999999,,,,0.7777777777777778,0.7777777777777778,0.1177777777777777,0.6666666666666666,0.6666666666666666,0.1966666666666666,0.1111111111111111,0.1111111111111111,0.5888888888888889,0.0,0.0,0.3155555555555555,0.0,0.6470588235294118,51,0.6129032258064516,31,f756c01
2026-09-30T02:26:07.519626+00:00,2026-09-29,TRK,2026-10-04,6,0.8648616986166959,Go,9,4,,0.0921284663987611,Models agree,9,8cb61ac,live,0.7777777777777778,0.7777777777777778,0.09,,,,1.0,1.0,0.0,1.0,1.0,0.0277777777777777,0.8888888888888888,0.5555555555555556,0.1,0.5555555555555556,0.5555555555555556,0.2222222222222222,1.0,0.9019607843137256,51,0.7096774193548387,31,f756c01
2026-09-30T02:26:07.519626+00:00,2026-09-29,TRK,2026-10-05,7,0.6274072145769078,Maybe,9,3,,0.4090874450810096,Models split,9,8cb61ac,live,0.5555555555555556,0.5555555555555556,0.2188888888888888,,,,1.0,1.0,0.0,0.0,0.0,0.3977777777777778,,,,0.8888888888888888,0.8888888888888888,0.1677777777777777,1.0,0.9411764705882352,51,0.935483870967742,31,f756c01
2026-10-01T01:03:30.452325+00:00,2026-09-30,AUN,2026-09-30,1,0.9885687102689978,Go,9,5,,0.0,Models agree,9,644d953,live,1.0,1.0,0.0,1.0,1.0,0.0,1.0,1.0,0.0,1.0,1.0,0.0,1.0,1.0,0.0,1.0,1.0,0.0133333333333333,1.0,1.0,51,1.0,31,50b4211
2026-10-01T01:03:30.452325+00:00,2026-09-30,AUN,2026-10-01,2,0.2960211552474667,Skip,9,4,,0.2290614236454256,Models agree,1,644d953,live,0.3333333333333333,0.3333333333333333,0.6277777777777778,,,,0.2222222222222222,0.2222222222222222,0.4933333333333334,0.7777777777777778,0.4444444444444444,0.1277777777777777,0.2222222222222222,0.2222222222222222,0.6433333333333333,0.8888888888888888,0.4444444444444444,0.1244444444444444,1.0,0.2352941176470588,51,0.032258064516129,31,50b4211
2026-10-01T01:03:30.452325+00:00,2026-09-30,AUN,2026-10-02,3,0.5015661391477991,Maybe,9,4,,0.2605786533235238,Models agree,5,644d953,live,0.5555555555555556,0.5555555555555556,0.4544444444444444,,,,0.5555555555555556,0.5555555555555556,0.2255555555555555,0.6666666666666666,0.6666666666666666,0.2333333333333333,0.0,0.0,0.7366666666666667,0.3333333333333333,0.3333333333333333,0.2677777777777778,1.0,0.7843137254901961,51,0.4838709677419355,31,50b4211
2026-10-01T01:03:30.452325+00:00,2026-09-30,AUN,2026-10-03,4,0.8468513368690748,Go,9,4,,0.2421610524189263,Models agree,7,644d953,live,0.7777777777777778,0.7777777777777778,0.1311111111111111,,,,0.7777777777777778,0.7777777777777778,0.1288888888888889,0.3333333333333333,0.3333333333333333,0.441111111111111,1.0,1.0,0.0,0.3333333333333333,0.3333333333333333,0.3255555555555556,1.0,0.8823529411764706,51,0.935483870967742,31,50b4211
2026-10-01T01:03:30.452325+00:00,2026-09-30,AUN,2026-10-04,5,0.6396596587093096,Maybe,9,4,,0.4479032082388083,Models split,3,644d953,live,0.0,0.0,0.9477777777777776,,,,0.8888888888888888,0.5555555555555556,0.0777777777777777,1.0,1.0,0.0,0.1111111111111111,0.1111111111111111,0.4455555555555555,0.5555555555555556,0.5555555555555556,0.2,1.0,0.5490196078431373,51,0.6129032258064516,31,50b4211
2026-10-01T01:03:30.452325+00:00,2026-09-30,AUN,2026-10-05,6,0.9318856456868994,Go,9,4,,0.0,Models agree,9,644d953,live,1.0,1.0,0.0,,,,1.0,1.0,0.0,1.0,1.0,0.0,1.0,1.0,0.0,1.0,1.0,0.0388888888888888,1.0,1.0,51,0.967741935483871,31,50b4211
2026-10-01T01:03:30.452325+00:00,2026-09-30,AUN,2026-10-06,7,0.8317988348821237,Go,9,3,,0.2095131203515696,Models agree,9,644d953,live,1.0,1.0,0.0,,,,1.0,1.0,0.0,0.5555555555555556,0.3333333333333333,0.2299999999999999,,,,1.0,1.0,0.0944444444444444,1.0,0.9607843137254902,51,1.0,31,50b4211
2026-10-01T01:03:30.452325+00:00,2026-09-30,BIH,2026-09-30,1,0.97626210540169,Go,9,5,,0.0,Models agree,9,644d953,live,1.0,1.0,0.0,1.0,1.0,0.0,1.0,1.0,0.0,1.0,1.0,0.0,1.0,1.0,0.0,1.0,1.0,0.0422222222222222,1.0,1.0,51,1.0,31,50b4211
2026-10-01T01:03:30.452325+00:00,2026-09-30,BIH,2026-10-01,2,0.8744346605645829,Go,9,4,,0.1821510701195,Models agree,9,644d953,live,0.5555555555555556,0.4444444444444444,0.4322222222222222,,,,1.0,1.0,0.0,1.0,1.0,0.0,0.8888888888888888,0.7777777777777778,0.1155555555555555,1.0,1.0,0.0788888888888888,1.0,0.9607843137254902,51,0.9032258064516128,31,50b4211
2026-10-01T01:03:30.452325+00:00,2026-09-30,BIH,2026-10-02,3,0.2281776297665448,Skip,9,4,,0.2873355675774611,Models split,2,644d953,live,0.4444444444444444,0.4444444444444444,0.4344444444444444,,,,0.0,0.0,0.74,0.7777777777777778,0.6666666666666666,0.0766666666666666,0.2222222222222222,0.1111111111111111,0.5011111111111111,0.3333333333333333,0.3333333333333333,0.251111111111111,1.0,0.7647058823529411,51,0.2258064516129032,31,50b4211
2026-10-01T01:03:30.452325+00:00,2026-09-30,BIH,2026-10-03,4,0.9453582973854112,Go,10,4,,0.0,Models agree,10,644d953,live,1.0,1.0,0.027,,,,1.0,1.0,0.0,1.0,1.0,0.0,1.0,1.0,0.006,1.0,1.0,0.08,1.0,1.0,51,1.0,31,50b4211
2026-10-01T01:03:30.452325+00:00,2026-09-30,BIH,2026-10-04,5,0.9187647273891436,Go,10,4,,0.0,Models agree,10,644d953,live,1.0,1.0,0.021,,,,1.0,1.0,0.0,1.0,1.0,0.0,1.0,1.0,0.018,0.7,0.7,0.159,1.0,0.8627450980392157,51,0.8387096774193549,31,50b4211
2026-10-01T01:03:30.452325+00:00,2026-09-30,BIH,2026-10-05,6,0.8860400355799791,Go,10,4,,0.0866025403784438,Models agree,10,644d953,live,1.0,1.0,0.027,,,,1.0,1.0,0.0,1.0,1.0,0.0,0.8,0.8,0.08,0.9,0.9,0.073,1.0,1.0,51,0.9032258064516128,31,50b4211
2026-10-01T01:03:30.452325+00:00,2026-09-30,BIH,2026-10-06,7,0.8508108362698609,Go,10,3,,0.0,Models agree,10,644d953,live,1.0,1.0,0.0,,,,1.0,1.0,0.0,1.0,1.0,0.0,,,,1.0,1.0,0.057,1.0,0.9607843137254902,51,1.0,31,50b4211
2026-10-01T01:03:30.452325+00:00,2026-09-30,FAT,2026-09-30,1,0.945112884073908,Go,9,5,,0.0,Models agree,9,644d953,live,1.0,1.0,0.0,1.0,1.0,0.0,1.0,1.0,0.0,1.0,1.0,0.0,1.0,1.0,0.0,1.0,1.0,0.0355555555555555,1.0,1.0,51,1.0,31,50b4211
2026-10-01T01:03:30.452325+00:00,2026-09-30,FAT,2026-10-01,2,0.6955871004405204,Maybe,9,4,,0.1242259987499883,Models agree,5,644d953,live,0.7777777777777778,0.4444444444444444,0.2244444444444444,,,,0.6666666666666666,0.6666666666666666,0.1422222222222222,1.0,1.0,0.0188888888888888,0.8888888888888888,0.5555555555555556,0.1,1.0,1.0,0.0788888888888888,1.0,0.8627450980392157,51,0.7096774193548387,31,50b4211
2026-10-01T01:03:30.452325+00:00,2026-09-30,FAT,2026-10-02,3,0.293094730727835,Skip,9,4,,0.3928371006591931,Models split,2,644d953,live,0.8888888888888888,0.7777777777777778,0.15,,,,0.1111111111111111,0.1111111111111111,0.7311111111111112,1.0,1.0,0.0066666666666666,0.2222222222222222,0.2222222222222222,0.5322222222222223,0.5555555555555556,0.5555555555555556,0.2055555555555555,1.0,0.8431372549019608,51,0.2903225806451613,31,50b4211
2026-10-01T01:03:30.452325+00:00,2026-09-30,FAT,2026-10-03,4,0.8085587724673109,Go,9,4,,0.1924500897298752,Models agree,9,644d953,live,1.0,1.0,0.0166666666666666,,,,1.0,1.0,0.0,0.5555555555555556,0.5555555555555556,0.2255555555555556,1.0,1.0,0.0,0.7777777777777778,0.7777777777777778,0.17,1.0,1.0,51,0.967741935483871,31,50b4211
2026-10-01T01:03:30.452325+00:00,2026-09-30,FAT,2026-10-04,5,0.7019671834145532,Go,9,4,,0.3632415786283894,Models split,7,644d953,live,0.6666666666666666,0.6666666666666666,0.2233333333333333,,,,1.0,1.0,0.0,1.0,1.0,0.0,0.1111111111111111,0.1111111111111111,0.3455555555555555,0.7777777777777778,0.7777777777777778,0.1444444444444444,1.0,0.8627450980392157,51,0.8387096774193549,31,50b4211
2026-10-01T01:03:30.452325+00:00,2026-09-30,FAT,2026-10-05,6,0.8326369738951124,Go,9,4,,0.0481125224324688,Models agree,9,644d953,live,1.0,1.0,0.0,,,,1.0,1.0,0.0,1.0,1.0,0.0,0.8888888888888888,0.8888888888888888,0.0855555555555555,1.0,1.0,0.0322222222222222,1.0,1.0,51,1.0,31,50b4211
2026-10-01T01:03:30.452325+00:00,2026-09-30,FAT,2026-10-06,7,0.7963419849791235,Go,9,3,,0.0,Models agree,9,644d953,live,1.0,1.0,0.0,,,,1.0,1.0,0.0,1.0,1.0,0.0,,,,1.0,1.0,0.0455555555555555,1.0,0.9215686274509804,51,1.0,31,50b4211
2026-10-01T01:03:30.452325+00:00,2026-09-30,SAC,2026-09-30,1,0.9881620087806836,Go,9,5,,0.0,Models agree,9,644d953,live,1.0,1.0,0.0,1.0,1.0,0.0,1.0,1.0,0.0,1.0,1.0,0.0,1.0,1.0,0.0,1.0,1.0,0.0022222222222222,1.0,1.0,51,1.0,31,50b4211
2026-10-01T01:03:30.452325+00:00,2026-09-30,SAC,2026-10-01,2,0.2828431686295728,Skip,9,4,,0.2357022603955158,Models agree,2,644d953,live,0.5555555555555556,0.5555555555555556,0.4866666666666666,,,,0.2222222222222222,0.2222222222222222,0.5077777777777778,0.7777777777777778,0.5555555555555556,0.1755555555555555,0.2222222222222222,0.2222222222222222,0.7444444444444445,0.7777777777777778,0.5555555555555556,0.1455555555555555,1.0,0.1372549019607843,51,0.0,31,50b4211
2026-10-01T01:03:30.452325+00:00,2026-09-30,SAC,2026-10-02,3,0.6260696905998646,Maybe,9,4,,0.1643355495305449,Models agree,5,644d953,live,0.5555555555555556,0.5555555555555556,0.4277777777777778,,,,0.7777777777777778,0.7777777777777778,0.1166666666666666,0.4444444444444444,0.3333333333333333,0.1988888888888889,0.3333333333333333,0.3333333333333333,0.6144444444444445,0.5555555555555556,0.5555555555555556,0.2111111111111111,1.0,0.7254901960784313,51,0.4838709677419355,31,50b4211
2026-10-01T01:03:30.452325+00:00,2026-09-30,SAC,2026-10-03,4,0.7982962835527245,Go,9,4,,0.3080704585113726,Models split,8,644d953,live,0.8888888888888888,0.8888888888888888,0.1233333333333333,,,,0.8888888888888888,0.8888888888888888,0.0622222222222222,0.2222222222222222,0.2222222222222222,0.5955555555555556,1.0,1.0,0.0,0.3333333333333333,0.3333333333333333,0.35,1.0,0.9803921568627452,51,0.935483870967742,31,50b4211
2026-10-01T01:03:30.452325+00:00,2026-09-30,SAC,2026-10-04,5,0.9209654673393158,Go,9,4,,0.1443375672974064,Models agree,9,644d953,live,0.7777777777777778,0.7777777777777778,0.1933333333333333,,,,1.0,1.0,0.0,1.0,1.0,0.0,0.6666666666666666,0.5555555555555556,0.16,0.8888888888888888,0.8888888888888888,0.0833333333333333,1.0,0.7058823529411765,51,0.8064516129032258,31,50b4211
2026-10-01T01:03:30.452325+00:00,2026-09-30,SAC,2026-10-05,6,0.9310006984740438,Go,9,4,,0.0,Models agree,9,644d953,live,1.0,1.0,0.0,,,,1.0,1.0,0.0,1.0,1.0,0.0,1.0,1.0,0.0,1.0,1.0,0.0166666666666666,1.0,1.0,51,1.0,31,50b4211
2026-10-01T01:03:30.452325+00:00,2026-09-30,SAC,2026-10-06,7,0.8154427179183106,Go,9,3,,0.3142696805273544,Models agree,9,644d953,live,1.0,1.0,0.0,,,,1.0,1.0,0.0,0.3333333333333333,0.3333333333333333,0.2133333333333333,,,,1.0,1.0,0.0744444444444444,1.0,0.9411764705882352,51,1.0,31,50b4211
2026-10-01T01:03:30.452325+00:00,2026-09-30,TRK,2026-09-30,1,0.9785653101393824,Go,9,5,,0.0,Models agree,9,644d953,live,1.0,1.0,0.0,1.0,1.0,0.0,1.0,1.0,0.0,1.0,1.0,0.0,1.0,1.0,0.0,1.0,1.0,0.0311111111111111,1.0,1.0,51,1.0,31,50b4211
2026-10-01T01:03:30.452325+00:00,2026-09-30,TRK,2026-10-01,2,0.2073264730859042,Skip,9,4,,0.4110735718596872,Models split,0,644d953,live,0.0,0.0,0.9011111111111112,,,,0.4444444444444444,0.4444444444444444,0.3777777777777777,1.0,1.0,0.0166666666666666,0.0,0.0,0.74,0.6666666666666666,0.5555555555555556,0.1588888888888888,1.0,0.3529411764705882,51,0.1290322580645161,31,50b4211
2026-10-01T01:03:30.452325+00:00,2026-09-30,TRK,2026-10-02,3,0.3961644468310804,Skip,9,4,,0.4044505494044732,Models split,1,644d953,live,0.2222222222222222,0.1111111111111111,0.7733333333333333,,,,0.7777777777777778,0.7777777777777778,0.1033333333333333,1.0,1.0,0.1088888888888888,0.0,0.0,0.7966666666666666,0.0,0.0,0.3433333333333333,0.0,0.6862745098039216,51,0.3870967741935484,31,50b4211
2026-10-01T01:03:30.452325+00:00,2026-09-30,TRK,2026-10-03,4,0.9047368437654232,Go,9,4,,0.1443375672974064,Models agree,8,644d953,live,1.0,1.0,0.0244444444444444,,,,0.7777777777777778,0.7777777777777778,0.1011111111111111,0.6666666666666666,0.6666666666666666,0.1422222222222222,1.0,1.0,0.0,0.2222222222222222,0.2222222222222222,0.2511111111111111,0.0,0.9215686274509804,51,0.9032258064516128,31,50b4211
2026-10-01T01:03:30.452325+00:00,2026-09-30,TRK,2026-10-04,5,0.3188976857343739,Skip,9,4,,0.3274951700708777,Models agree,0,644d953,live,0.0,0.0,1.0,,,,0.7777777777777778,0.7777777777777778,0.09,0.4444444444444444,0.4444444444444444,0.3911111111111111,0.0,0.0,0.6388888888888888,0.0,0.0,0.4599999999999999,0.0,0.3529411764705882,51,0.3225806451612903,31,50b4211
2026-10-01T01:03:30.452325+00:00,2026-09-30,TRK,2026-10-05,6,0.8954805607578825,Go,9,4,,0.0481125224324688,Models agree,9,644d953,live,0.8888888888888888,0.8888888888888888,0.0544444444444444,,,,1.0,1.0,0.0,1.0,1.0,0.0,1.0,1.0,0.0288888888888888,1.0,1.0,0.1,1.0,0.9803921568627452,51,0.967741935483871,31,50b4211
2026-10-01T01:03:30.452325+00:00,2026-09-30,TRK,2026-10-06,7,0.7100679380297049,Go,9,3,,0.4714045207910317,Models split,9,644d953,live,1.0,1.0,0.0,,,,1.0,1.0,0.0,0.0,0.0,0.3266666666666666,,,,1.0,1.0,0.1622222222222222,1.0,0.9411764705882352,51,1.0,31,50b4211
2026-10-02T01:16:53.935878+00:00,2026-10-01,AUN,2026-10-01,1,0.130802295902229,Skip,9,5,,0.2897423291201177,Models split,0,644d953,live,0.1111111111111111,0.1111111111111111,0.8933333333333332,0.0,0.0,0.9711111111111111,0.0,0.0,0.7233333333333333,0.7777777777777778,0.4444444444444444,0.1077777777777777,0.2222222222222222,0.2222222222222222,0.6166666666666667,0.2222222222222222,0.1111111111111111,0.2833333333333333,0.0,0.2156862745098039,51,0.064516129032258,31,10a9158
2026-10-02T01:16:53.935878+00:00,2026-10-01,AUN,2026-10-02,2,0.4840247195324715,Maybe,9,4,,0.2721655269759087,Models split,3,644d953,live,0.0,0.0,0.9577777777777776,,,,0.6666666666666666,0.6666666666666666,0.1611111111111111,0.6666666666666666,0.6666666666666666,0.381111111111111,0.4444444444444444,0.3333333333333333,0.3611111111111111,0.3333333333333333,0.2222222222222222,0.3966666666666666,0.0,0.6666666666666666,51,0.2580645161290322,31,10a9158
2026-10-02T01:16:53.935878+00:00,2026-10-01,AUN,2026-10-03,3,0.9195990567947486,Go,9,4,,0.0962250448649376,Models agree,7,644d953,live,0.7777777777777778,0.7777777777777778,0.1933333333333333,,,,0.7777777777777778,0.7777777777777778,0.0877777777777777,1.0,1.0,0.0,0.7777777777777778,0.7777777777777778,0.1677777777777777,1.0,1.0,0.06,1.0,0.9019607843137256,51,0.967741935483871,31,10a9158
2026-10-02T01:16:53.935878+00:00,2026-10-01,AUN,2026-10-04,4,0.4349752788489014,Maybe,9,4,,0.3458305443885759,Models split,2,644d953,live,0.2222222222222222,0.2222222222222222,0.5577777777777777,,,,0.8888888888888888,0.8888888888888888,0.1077777777777777,0.1111111111111111,0.1111111111111111,0.58,0.0,0.0,0.5788888888888889,0.3333333333333333,0.3333333333333333,0.2711111111111111,1.0,0.6666666666666666,51,0.3225806451612903,31,10a9158
2026-10-02T01:16:53.935878+00:00,2026-10-01,AUN,2026-10-05,5,0.8841044649046352,Go,9,4,,0.3849001794597505,Models split,9,644d953,live,1.0,1.0,0.0,,,,1.0,1.0,0.0,1.0,1.0,0.0,0.1111111111111111,0.1111111111111111,0.4755555555555555,1.0,1.0,0.02,1.0,1.0,51,1.0,31,10a9158
2026-10-02T01:16:53.935878+00:00,2026-10-01,AUN,2026-10-06,6,0.9314432319046492,Go,9,4,,0.0,Models agree,9,644d953,live,1.0,1.0,0.0,,,,1.0,1.0,0.0,1.0,1.0,0.0,1.0,1.0,0.0122222222222222,1.0,1.0,0.0211111111111111,1.0,1.0,51,1.0,31,10a9158
2026-10-02T01:16:53.935878+00:00,2026-10-01,AUN,2026-10-07,7,0.896472697917689,Go,9,3,,0.0,Models agree,9,644d953,live,1.0,1.0,0.0,,,,1.0,1.0,0.0,1.0,1.0,0.0,,,,1.0,1.0,0.0477777777777777,1.0,0.9215686274509804,51,0.967741935483871,31,10a9158
2026-10-02T01:16:53.935878+00:00,2026-10-01,BIH,2026-10-01,1,0.903800624457222,Go,9,5,,0.2060804110110156,Models agree,5,644d953,live,0.4444444444444444,0.4444444444444444,0.4377777777777777,0.7777777777777778,0.4444444444444444,0.1655555555555555,1.0,1.0,0.0088888888888888,1.0,1.0,0.0,0.8888888888888888,0.5555555555555556,0.0388888888888888,1.0,1.0,0.0611111111111111,1.0,1.0,51,1.0,31,10a9158
2026-10-02T01:16:53.935878+00:00,2026-10-01,BIH,2026-10-02,2,0.0836622220658838,Skip,9,4,,0.2763853991962833,Models split,1,644d953,live,0.4444444444444444,0.2222222222222222,0.5333333333333333,,,,0.1111111111111111,0.1111111111111111,0.6533333333333333,0.7777777777777778,0.6666666666666666,0.1622222222222222,0.1111111111111111,0.1111111111111111,0.7244444444444444,0.2222222222222222,0.1111111111111111,0.3688888888888889,0.0,0.3725490196078431,51,0.0967741935483871,31,10a9158
2026-10-02T01:16:53.935878+00:00,2026-10-01,BIH,2026-10-03,3,0.8281546938088395,Go,10,4,,0.16583123951777,Models agree,5,644d953,live,0.8,0.4,0.1709999999999999,,,,1.0,1.0,0.0,1.0,1.0,0.0,0.6,0.5,0.3219999999999999,1.0,1.0,0.067,1.0,1.0,51,0.967741935483871,31,10a9158
2026-10-02T01:16:53.935878+00:00,2026-10-01,BIH,2026-10-04,4,0.9484780806197292,Go,10,4,,0.0,Models agree,10,644d953,live,1.0,1.0,0.005,,,,1.0,1.0,0.0,1.0,1.0,0.0,1.0,1.0,0.0,1.0,1.0,0.076,1.0,1.0,51,0.935483870967742,31,10a9158
2026-10-02T01:16:53.935878+00:00,2026-10-01,BIH,2026-10-05,5,0.9210678242022472,Go,10,4,,0.0,Models agree,10,644d953,live,1.0,1.0,0.011,,,,1.0,1.0,0.0,1.0,1.0,0.0,1.0,1.0,0.0,0.9,0.9,0.096,1.0,0.9803921568627452,51,0.935483870967742,31,10a9158
2026-10-02T01:16:53.935878+00:00,2026-10-01,BIH,2026-10-06,6,0.905026337857007,Go,10,4,,0.0,Models agree,10,644d953,live,1.0,1.0,0.0,,,,1.0,1.0,0.0,1.0,1.0,0.0,1.0,1.0,0.0,1.0,1.0,0.049,1.0,1.0,51,1.0,31,10a9158
2026-10-02T01:16:53.935878+00:00,2026-10-01,BIH,2026-10-07,7,0.8508108362698609,Go,10,3,,0.0,Models agree,10,644d953,live,1.0,1.0,0.0,,,,1.0,1.0,0.0,1.0,1.0,0.0,,,,1.0,1.0,0.037,1.0,0.9411764705882352,51,1.0,31,10a9158
2026-10-02T01:16:53.935878+00:00,2026-10-01,FAT,2026-10-01,1,0.3624620372880486,Skip,9,5,,0.2533723166886973,Models agree,3,644d953,live,0.5555555555555556,0.4444444444444444,0.4833333333333333,0.7777777777777778,0.4444444444444444,0.2066666666666666,0.2222222222222222,0.1111111111111111,0.4177777777777777,0.8888888888888888,0.5555555555555556,0.0766666666666666,0.8888888888888888,0.8888888888888888,0.1011111111111111,1.0,1.0,0.0788888888888888,1.0,0.8823529411764706,51,0.6774193548387096,31,10a9158
2026-10-02T01:16:53.935878+00:00,2026-10-01,FAT,2026-10-02,2,0.177678475888716,Skip,9,4,,0.1210805262094631,Models agree,3,644d953,live,0.4444444444444444,0.3333333333333333,0.5222222222222223,,,,0.4444444444444444,0.4444444444444444,0.3833333333333333,0.6666666666666666,0.5555555555555556,0.1811111111111111,0.3333333333333333,0.3333333333333333,0.5311111111111111,0.3333333333333333,0.3333333333333333,0.3555555555555555,1.0,0.7647058823529411,51,0.3548387096774194,31,10a9158
2026-10-02T01:16:53.935878+00:00,2026-10-01,FAT,2026-10-03,3,0.8386139857685972,Go,9,4,,0.1443375672974064,Models agree,9,644d953,live,0.6666666666666666,0.6666666666666666,0.3299999999999999,,,,1.0,1.0,0.0,1.0,1.0,0.0,1.0,1.0,0.0877777777777777,1.0,1.0,0.0744444444444444,1.0,0.9803921568627452,51,0.935483870967742,31,10a9158
2026-10-02T01:16:53.935878+00:00,2026-10-01,FAT,2026-10-04,4,0.8921818026765583,Go,9,4,,0.0481125224324688,Models agree,9,644d953,live,1.0,1.0,0.0,,,,1.0,1.0,0.0,1.0,1.0,0.0,0.8888888888888888,0.8888888888888888,0.06,1.0,1.0,0.0788888888888888,1.0,0.9803921568627452,51,0.9032258064516128,31,10a9158
2026-10-02T01:16:53.935878+00:00,2026-10-01,FAT,2026-10-05,5,0.7327943203003857,Go,9,4,,0.3849001794597505,Models split,9,644d953,live,1.0,1.0,0.0,,,,1.0,1.0,0.0,1.0,1.0,0.01,0.1111111111111111,0.1111111111111111,0.44,1.0,1.0,0.0388888888888888,1.0,1.0,51,0.967741935483871,31,10a9158
2026-10-02T01:16:53.935878+00:00,2026-10-01,FAT,2026-10-06,6,0.8364747022887933,Go,9,4,,0.0481125224324688,Models agree,9,644d953,live,1.0,1.0,0.0,,,,1.0,1.0,0.0,1.0,1.0,0.0,0.8888888888888888,0.8888888888888888,0.0366666666666666,1.0,1.0,0.0322222222222222,1.0,1.0,51,1.0,31,10a9158
2026-10-02T01:16:53.935878+00:00,2026-10-01,FAT,2026-10-07,7,0.781218432164145,Go,10,3,,0.0,Models agree,10,644d953,live,1.0,1.0,0.0,,,,1.0,1.0,0.0,1.0,1.0,0.0,,,,1.0,1.0,0.032,1.0,0.9411764705882352,51,0.967741935483871,31,10a9158
2026-10-02T01:16:53.935878+00:00,2026-10-01,SAC,2026-10-01,1,0.0650185249276978,Skip,9,5,,0.25915341754868,Models split,0,644d953,live,0.0,0.0,0.9966666666666668,0.0,0.0,1.0,0.0,0.0,0.8455555555555556,0.6666666666666666,0.4444444444444444,0.1411111111111111,0.1111111111111111,0.1111111111111111,0.7544444444444445,0.1111111111111111,0.1111111111111111,0.2833333333333333,0.0,0.196078431372549,51,0.032258064516129,31,10a9158
2026-10-02T01:16:53.935878+00:00,2026-10-01,SAC,2026-10-02,2,0.6005184529061774,Maybe,9,4,,0.2421610524189263,Models agree,4,644d953,live,0.2222222222222222,0.2222222222222222,0.7855555555555556,,,,0.8888888888888888,0.8888888888888888,0.0733333333333333,0.4444444444444444,0.4444444444444444,0.3466666666666667,0.4444444444444444,0.4444444444444444,0.3966666666666666,0.2222222222222222,0.1111111111111111,0.3411111111111111,0.0,0.6274509803921569,51,0.2903225806451613,31,10a9158
2026-10-02T01:16:53.935878+00:00,2026-10-01,SAC,2026-10-03,3,0.9144868385636046,Go,9,4,,0.0962250448649376,Models agree,7,644d953,live,0.7777777777777778,0.7777777777777778,0.1855555555555555,,,,0.7777777777777778,0.7777777777777778,0.0677777777777777,1.0,1.0,0.0,0.7777777777777778,0.7777777777777778,0.1755555555555555,1.0,1.0,0.06,1.0,0.9607843137254902,51,1.0,31,10a9158
2026-10-02T01:16:53.935878+00:00,2026-10-01,SAC,2026-10-04,4,0.5934401091832942,Maybe,9,4,,0.4258252699098859,Models split,4,644d953,live,0.8888888888888888,0.4444444444444444,0.1044444444444444,,,,1.0,1.0,0.0,0.0,0.0,0.4922222222222221,0.2222222222222222,0.2222222222222222,0.2933333333333333,0.8888888888888888,0.8888888888888888,0.0855555555555555,1.0,0.9019607843137256,51,0.8387096774193549,31,10a9158
2026-10-02T01:16:53.935878+00:00,2026-10-01,SAC,2026-10-05,5,0.8821596096141879,Go,9,4,,0.4330127018922193,Models split,9,644d953,live,1.0,1.0,0.0,,,,1.0,1.0,0.0,1.0,1.0,0.0,0.0,0.0,0.4722222222222222,1.0,1.0,0.0155555555555555,1.0,1.0,51,1.0,31,10a9158
2026-10-02T01:16:53.935878+00:00,2026-10-01,SAC,2026-10-06,6,0.9298557233782152,Go,9,4,,0.0,Models agree,9,644d953,live,1.0,1.0,0.0,,,,1.0,1.0,0.0,1.0,1.0,0.0,1.0,1.0,0.0311111111111111,1.0,1.0,0.0133333333333333,1.0,1.0,51,1.0,31,10a9158
2026-10-02T01:16:53.935878+00:00,2026-10-01,SAC,2026-10-07,7,0.8937451531022087,Go,9,3,,0.0,Models agree,9,644d953,live,1.0,1.0,0.0,,,,1.0,1.0,0.0,1.0,1.0,0.0,,,,1.0,1.0,0.0266666666666666,1.0,0.9411764705882352,51,1.0,31,10a9158
2026-10-02T01:16:53.935878+00:00,2026-10-01,TRK,2026-10-01,1,0.1855013430041718,Skip,9,5,,0.2931312435171759,Models split,2,644d953,live,0.2222222222222222,0.2222222222222222,0.7855555555555556,0.1111111111111111,0.1111111111111111,0.8888888888888888,0.1111111111111111,0.1111111111111111,0.5522222222222222,0.8888888888888888,0.5555555555555556,0.0333333333333333,0.4444444444444444,0.2222222222222222,0.5155555555555555,0.2222222222222222,0.2222222222222222,0.3444444444444444,0.0,0.3137254901960784,51,0.2258064516129032,31,10a9158
2026-10-02T01:16:53.935878+00:00,2026-10-01,TRK,2026-10-02,2,0.0781507759757442,Skip,9,4,,0.2222222222222222,Models agree,0,644d953,live,0.0,0.0,1.0,,,,0.4444444444444444,0.4444444444444444,0.4255555555555556,0.4444444444444444,0.2222222222222222,0.2466666666666667,0.0,0.0,0.8455555555555556,0.0,0.0,0.4733333333333333,0.0,0.3137254901960784,51,0.2258064516129032,31,10a9158
2026-10-02T01:16:53.935878+00:00,2026-10-01,TRK,2026-10-03,3,0.9448473445260236,Go,9,4,,0.0481125224324688,Models agree,9,644d953,live,1.0,1.0,0.0188888888888888,,,,1.0,1.0,0.0,1.0,1.0,0.0,0.8888888888888888,0.8888888888888888,0.0755555555555555,0.8888888888888888,0.8888888888888888,0.1444444444444444,1.0,0.9607843137254902,51,0.935483870967742,31,10a9158
2026-10-02T01:16:53.935878+00:00,2026-10-01,TRK,2026-10-04,4,0.128418607049154,Skip,9,4,,0.3716413377849903,Models split,0,644d953,live,0.0,0.0,0.9522222222222224,,,,0.8888888888888888,0.8888888888888888,0.08,0.0,0.0,0.6866666666666666,0.1111111111111111,0.1111111111111111,0.7777777777777778,0.0,0.0,0.4544444444444444,0.0,0.6666666666666666,51,0.1290322580645161,31,10a9158
2026-10-02T01:16:53.935878+00:00,2026-10-01,TRK,2026-10-05,5,0.8558846918167689,Go,9,4,,0.4330127018922193,Models split,9,644d953,live,1.0,1.0,0.0133333333333333,,,,1.0,1.0,0.0,1.0,1.0,0.0,0.0,0.0,0.38,1.0,1.0,0.0677777777777777,1.0,1.0,51,1.0,31,10a9158
2026-10-02T01:16:53.935878+00:00,2026-10-01,TRK,2026-10-06,6,0.906729507666096,Go,9,4,,0.0,Models agree,9,644d953,live,1.0,1.0,0.0033333333333333,,,,1.0,1.0,0.0,1.0,1.0,0.0,1.0,1.0,0.0,1.0,1.0,0.0522222222222222,1.0,1.0,51,1.0,31,10a9158
2026-10-02T01:16:53.935878+00:00,2026-10-01,TRK,2026-10-07,7,0.8663070299561468,Go,9,3,,0.0,Models agree,9,644d953,live,1.0,1.0,0.0,,,,1.0,1.0,0.0,1.0,1.0,0.0,,,,1.0,1.0,0.0711111111111111,1.0,0.9411764705882352,51,1.0,31,10a9158
2026-10-03T00:55:07.204709+00:00,2026-10-02,AUN,2026-10-02,1,0.1509313534334212,Skip,9,5,,0.1662958838566196,Models agree,0,644d953,live,0.0,0.0,0.9311111111111112,0.1111111111111111,0.1111111111111111,0.86,0.2222222222222222,0.2222222222222222,0.5222222222222223,0.4444444444444444,0.3333333333333333,0.3077777777777777,0.0,0.0,0.69,0.0,0.0,0.4266666666666666,0.0,0.6470588235294118,51,0.1290322580645161,31,3313f54
2026-10-03T00:55:07.204709+00:00,2026-10-02,AUN,2026-10-03,2,0.9045182241385992,Go,9,4,,0.0921284663987611,Models agree,6,644d953,live,0.8888888888888888,0.6666666666666666,0.0844444444444444,,,,0.7777777777777778,0.7777777777777778,0.1066666666666666,0.6666666666666666,0.6666666666666666,0.1422222222222222,0.6666666666666666,0.6666666666666666,0.3144444444444444,0.8888888888888888,0.8888888888888888,0.0766666666666666,1.0,0.9803921568627452,51,1.0,31,3313f54
2026-10-03T00:55:07.204709+00:00,2026-10-02,AUN,2026-10-04,3,0.1663446381532517,Skip,9,4,,0.0921284663987611,Models agree,1,644d953,live,0.2222222222222222,0.2222222222222222,0.7611111111111111,,,,0.1111111111111111,0.1111111111111111,0.6022222222222222,0.2222222222222222,0.2222222222222222,0.4444444444444444,0.0,0.0,0.7277777777777777,0.1111111111111111,0.1111111111111111,0.3522222222222222,0.0,0.3137254901960784,51,0.3548387096774194,31,3313f54
2026-10-03T00:55:07.204709+00:00,2026-10-02,AUN,2026-10-05,4,0.9374868449381464,Go,9,4,,0.1443375672974064,Models agree,9,644d953,live,1.0,1.0,0.0055555555555555,,,,1.0,1.0,0.0,0.7777777777777778,0.7777777777777778,0.1033333333333333,0.6666666666666666,0.6666666666666666,0.1933333333333333,1.0,1.0,0.0344444444444444,1.0,1.0,51,1.0,31,3313f54
2026-10-03T00:55:07.204709+00:00,2026-10-02,AUN,2026-10-06,5,0.9417587230914272,Go,9,4,,0.0962250448649376,Models agree,9,644d953,live,1.0,1.0,0.0,,,,1.0,1.0,0.0,1.0,1.0,0.0,0.7777777777777778,0.6666666666666666,0.1,1.0,1.0,0.0522222222222222,1.0,1.0,51,1.0,31,3313f54
2026-10-03T00:55:07.204709+00:00,2026-10-02,AUN,2026-10-07,6,0.9318856456868994,Go,9,4,,0.0,Models agree,9,644d953,live,1.0,1.0,0.0,,,,1.0,1.0,0.0,1.0,1.0,0.0,1.0,1.0,0.0,1.0,1.0,0.0644444444444444,1.0,1.0,51,0.935483870967742,31,3313f54
2026-10-03T00:55:07.204709+00:00,2026-10-02,AUN,2026-10-08,7,0.7750941341174743,Go,9,3,,0.4714045207910317,Models split,9,644d953,live,0.0,0.0,0.5933333333333333,,,,1.0,1.0,0.0,1.0,1.0,0.0,,,,1.0,1.0,0.1211111111111111,1.0,0.9607843137254902,51,0.6774193548387096,31,3313f54
2026-10-03T00:55:07.204709+00:00,2026-10-02,BIH,2026-10-02,1,0.084234908739679,Skip,9,5,,0.1474055462380177,Models agree,0,644d953,live,0.0,0.0,1.0,0.1111111111111111,0.1111111111111111,0.8122222222222222,0.2222222222222222,0.2222222222222222,0.5277777777777778,0.4444444444444444,0.4444444444444444,0.3244444444444444,0.2222222222222222,0.2222222222222222,0.6488888888888888,0.0,0.0,0.4855555555555556,0.0,0.4705882352941176,51,0.032258064516129,31,3313f54
2026-10-03T00:55:07.204709+00:00,2026-10-02,BIH,2026-10-03,2,0.8714115042486675,Go,10,4,,0.2165063509461096,Models agree,10,644d953,live,1.0,1.0,0.027,,,,1.0,1.0,0.0,1.0,1.0,0.0,0.5,0.3,0.4,1.0,1.0,0.147,1.0,1.0,51,0.935483870967742,31,3313f54
2026-10-03T00:55:07.204709+00:00,2026-10-02,BIH,2026-10-04,3,0.9221402170321288,Go,10,4,,0.0866025403784438,Models agree,10,644d953,live,1.0,1.0,0.005,,,,1.0,1.0,0.0,1.0,1.0,0.0,0.8,0.8,0.15,1.0,1.0,0.051,1.0,1.0,51,1.0,31,3313f54
2026-10-03T00:55:07.204709+00:00,2026-10-02,BIH,2026-10-05,4,0.9469727759425846,Go,10,4,,0.0,Models agree,10,644d953,live,1.0,1.0,0.015,,,,1.0,1.0,0.0,1.0,1.0,0.0,1.0,1.0,0.004,1.0,1.0,0.075,1.0,1.0,51,1.0,31,3313f54
2026-10-03T00:55:07.204709+00:00,2026-10-02,BIH,2026-10-06,5,0.9218649860401832,Go,10,4,,0.0,Models agree,10,644d953,live,1.0,1.0,0.0,,,,1.0,1.0,0.0,1.0,1.0,0.0,1.0,1.0,0.0,1.0,1.0,0.069,1.0,1.0,51,1.0,31,3313f54
2026-10-03T00:55:07.204709+00:00,2026-10-02,BIH,2026-10-07,6,0.9041430330071304,Go,10,4,,0.0,Models agree,10,644d953,live,1.0,1.0,0.0,,,,1.0,1.0,0.0,1.0,1.0,0.0,1.0,1.0,0.018,1.0,1.0,0.046,1.0,1.0,51,0.935483870967742,31,3313f54
2026-10-03T00:55:07.204709+00:00,2026-10-02,BIH,2026-10-08,7,0.6685569784907907,Maybe,10,3,,0.4714045207910317,Models split,10,644d953,live,0.0,0.0,0.741,,,,1.0,1.0,0.012,1.0,1.0,0.0,,,,1.0,1.0,0.135,1.0,0.9607843137254902,51,0.8709677419354839,31,3313f54
2026-10-03T00:55:07.204709+00:00,2026-10-02,FAT,2026-10-02,1,0.0133064334463176,Skip,9,5,,0.1133115447465063,Models agree,1,644d953,live,0.2222222222222222,0.2222222222222222,0.7666666666666667,0.1111111111111111,0.1111111111111111,0.8311111111111111,0.1111111111111111,0.1111111111111111,0.7433333333333333,0.3333333333333333,0.2222222222222222,0.4511111111111112,0.0,0.0,0.9488888888888888,0.2222222222222222,0.2222222222222222,0.4711111111111111,0.0,0.6862745098039216,51,0.0,31,3313f54
2026-10-03T00:55:07.204709+00:00,2026-10-02,FAT,2026-10-03,2,0.6918285374147954,Maybe,9,4,,0.2357022603955158,Models agree,6,644d953,live,0.6666666666666666,0.6666666666666666,0.3388888888888888,,,,1.0,1.0,0.0,1.0,1.0,0.0055555555555555,0.4444444444444444,0.4444444444444444,0.3888888888888889,1.0,1.0,0.0611111111111111,1.0,1.0,51,0.967741935483871,31,3313f54
2026-10-03T00:55:07.204709+00:00,2026-10-02,FAT,2026-10-04,3,0.723099930843559,Go,9,4,,0.3849001794597505,Models split,9,644d953,live,1.0,1.0,0.0,,,,1.0,1.0,0.0,1.0,1.0,0.0,0.1111111111111111,0.1111111111111111,0.32,1.0,1.0,0.0744444444444444,1.0,1.0,51,1.0,31,3313f54
2026-10-03T00:55:07.204709+00:00,2026-10-02,FAT,2026-10-05,4,0.8089639001124739,Go,9,4,,0.240562612162344,Models agree,9,644d953,live,1.0,1.0,0.0,,,,1.0,1.0,0.0,1.0,1.0,0.0,0.4444444444444444,0.4444444444444444,0.2788888888888889,1.0,1.0,0.0422222222222222,1.0,1.0,51,1.0,31,3313f54
2026-10-03T00:55:07.204709+00:00,2026-10-02,FAT,2026-10-06,5,0.8328223522402569,Go,9,4,,0.1443375672974064,Models agree,9,644d953,live,1.0,1.0,0.0,,,,1.0,1.0,0.0,1.0,1.0,0.0,0.6666666666666666,0.6666666666666666,0.1388888888888889,1.0,1.0,0.0388888888888888,1.0,1.0,51,1.0,31,3313f54
2026-10-03T00:55:07.204709+00:00,2026-10-02,FAT,2026-10-07,6,0.824180298172418,Go,10,4,,0.0866025403784438,Models agree,10,644d953,live,1.0,1.0,0.0,,,,1.0,1.0,0.0,1.0,1.0,0.0,0.8,0.8,0.062,1.0,1.0,0.056,1.0,1.0,51,0.935483870967742,31,3313f54
2026-10-03T00:55:07.204709+00:00,2026-10-02,FAT,2026-10-08,7,0.5397304719133892,Maybe,10,3,,0.4714045207910317,Models split,10,644d953,live,0.0,0.0,0.893,,,,1.0,1.0,0.0,1.0,1.0,0.0,,,,1.0,1.0,0.164,1.0,0.9607843137254902,51,0.8064516129032258,31,3313f54
2026-10-03T00:55:07.204709+00:00,2026-10-02,SAC,2026-10-02,1,0.1595151809046464,Skip,9,5,,0.1662958838566196,Models agree,1,644d953,live,0.1111111111111111,0.1111111111111111,0.8588888888888889,0.0,0.0,0.9155555555555556,0.0,0.0,0.5655555555555556,0.2222222222222222,0.2222222222222222,0.3366666666666666,0.4444444444444444,0.3333333333333333,0.4166666666666667,0.1111111111111111,0.1111111111111111,0.3655555555555556,0.0,0.6274509803921569,51,0.2258064516129032,31,3313f54
2026-10-03T00:55:07.204709+00:00,2026-10-02,SAC,2026-10-03,2,0.8715619186255474,Go,9,4,,0.1643355495305448,Models agree,6,644d953,live,1.0,1.0,0.0366666666666666,,,,0.7777777777777778,0.7777777777777778,0.1266666666666666,0.6666666666666666,0.6666666666666666,0.1888888888888888,0.5555555555555556,0.5555555555555556,0.4144444444444444,0.7777777777777778,0.7777777777777778,0.1311111111111111,1.0,1.0,51,1.0,31,3313f54
2026-10-03T00:55:07.204709+00:00,2026-10-02,SAC,2026-10-04,3,0.4075082032890447,Maybe,9,4,,0.2545875386086578,Models agree,3,644d953,live,0.3333333333333333,0.3333333333333333,0.6688888888888889,,,,0.6666666666666666,0.5555555555555556,0.1133333333333333,0.5555555555555556,0.3333333333333333,0.3622222222222222,0.0,0.0,0.5288888888888889,0.2222222222222222,0.2222222222222222,0.2155555555555555,0.0,0.8431372549019608,51,0.8709677419354839,31,3313f54
2026-10-03T00:55:07.204709+00:00,2026-10-02,SAC,2026-10-05,4,0.9679931437221168,Go,9,4,,0.0,Models agree,9,644d953,live,1.0,1.0,0.0,,,,1.0,1.0,0.0,1.0,1.0,0.0,1.0,1.0,0.0755555555555555,1.0,1.0,0.0122222222222222,1.0,1.0,51,1.0,31,3313f54
2026-10-03T00:55:07.204709+00:00,2026-10-02,SAC,2026-10-06,5,0.9434549975309688,Go,9,4,,0.0962250448649376,Models agree,9,644d953,live,1.0,1.0,0.0,,,,1.0,1.0,0.0,1.0,1.0,0.0,0.7777777777777778,0.5555555555555556,0.1166666666666666,1.0,1.0,0.0233333333333333,1.0,1.0,51,1.0,31,3313f54
2026-10-03T00:55:07.204709+00:00,2026-10-02,SAC,2026-10-07,6,0.916727578379916,Go,9,4,,0.0481125224324688,Models agree,9,644d953,live,1.0,1.0,0.0,,,,1.0,1.0,0.0,1.0,1.0,0.0,0.8888888888888888,0.5555555555555556,0.1233333333333333,1.0,1.0,0.0555555555555555,1.0,0.9803921568627452,51,0.935483870967742,31,3313f54
2026-10-03T00:55:07.204709+00:00,2026-10-02,SAC,2026-10-08,7,0.7267259511597748,Go,9,3,,0.4714045207910317,Models split,3,644d953,live,0.0,0.0,0.9522222222222224,,,,1.0,1.0,0.0,1.0,1.0,0.0,,,,1.0,1.0,0.1455555555555555,1.0,0.9607843137254902,51,0.6129032258064516,31,3313f54
2026-10-03T00:55:07.204709+00:00,2026-10-02,TRK,2026-10-02,1,0.0273196934603657,Skip,9,5,,0.0888888888888888,Models agree,0,644d953,live,0.0,0.0,0.9966666666666668,0.0,0.0,0.96,0.2222222222222222,0.2222222222222222,0.6033333333333333,0.1111111111111111,0.1111111111111111,0.4488888888888889,0.0,0.0,1.0,0.0,0.0,0.5622222222222223,0.0,0.1372549019607843,51,0.032258064516129,31,3313f54
2026-10-03T00:55:07.204709+00:00,2026-10-02,TRK,2026-10-03,2,0.9344700763753504,Go,9,4,,0.1360827634879543,Models agree,8,644d953,live,1.0,1.0,0.0366666666666666,,,,0.8888888888888888,0.8888888888888888,0.0522222222222222,1.0,1.0,0.0188888888888888,0.6666666666666666,0.6666666666666666,0.2477777777777777,0.8888888888888888,0.8888888888888888,0.1244444444444444,1.0,1.0,51,0.935483870967742,31,3313f54
2026-10-03T00:55:07.204709+00:00,2026-10-02,TRK,2026-10-04,3,0.1072057218093516,Skip,9,4,,0.2886751345948129,Models split,0,644d953,live,0.0,0.0,0.9788888888888888,,,,0.0,0.0,0.5777777777777778,0.6666666666666666,0.6666666666666666,0.2711111111111111,0.0,0.0,0.7811111111111111,0.0,0.0,0.4711111111111111,0.0,0.3725490196078431,51,0.1290322580645161,31,3313f54
2026-10-03T00:55:07.204709+00:00,2026-10-02,TRK,2026-10-05,4,0.9524795269166976,Go,9,4,,0.0,Models agree,9,644d953,live,1.0,1.0,0.0166666666666666,,,,1.0,1.0,0.0,1.0,1.0,0.0,1.0,1.0,0.0533333333333333,1.0,1.0,0.0644444444444444,1.0,1.0,51,0.967741935483871,31,3313f54
2026-10-03T00:55:07.204709+00:00,2026-10-02,TRK,2026-10-06,5,0.9325675071386308,Go,9,4,,0.0,Models agree,9,644d953,live,1.0,1.0,0.0,,,,1.0,1.0,0.0,1.0,1.0,0.0,1.0,1.0,0.0322222222222222,1.0,1.0,0.0977777777777777,1.0,1.0,51,1.0,31,3313f54
2026-10-03T00:55:07.204709+00:00,2026-10-02,TRK,2026-10-07,6,0.9068172979529784,Go,9,4,,0.0,Models agree,9,644d953,live,1.0,1.0,0.0022222222222222,,,,1.0,1.0,0.0,1.0,1.0,0.0,1.0,1.0,0.0,1.0,1.0,0.0855555555555555,1.0,1.0,51,0.935483870967742,31,3313f54
2026-10-03T00:55:07.204709+00:00,2026-10-02,TRK,2026-10-08,7,0.674320563416435,Maybe,9,3,,0.4714045207910317,Models split,9,644d953,live,0.0,0.0,0.9188888888888888,,,,1.0,1.0,0.0055555555555555,1.0,1.0,0.0,,,,0.1111111111111111,0.1111111111111111,0.2144444444444444,0.0,0.9803921568627452,51,0.6129032258064516,31,3313f54
2026-10-04T00:20:52.165634+00:00,2026-10-03,AUN,2026-10-03,1,0.8557170878455388,Go,9,5,,0.12957670877434005,Models agree,7,644d953,live,0.7777777777777778,0.7777777777777778,0.2111111111111111,0.7777777777777778,0.7777777777777778,0.25777777777777783,0.7777777777777778,0.7777777777777778,0.13666666666666666,0.6666666666666666,0.6666666666666666,0.20222222222222222,0.4444444444444444,0.4444444444444444,0.49888888888888894,0.7777777777777778,0.7777777777777778,0.10777777777777778,1.0,1.0,51,1.0,31,fee8020
2026-10-04T00:20:52.165634+00:00,2026-10-03,AUN,2026-10-04,2,0.0532326906491191,Skip,9,4,,0.048112522432468816,Models agree,0,644d953,live,0.1111111111111111,0.1111111111111111,0.8844444444444445,,,,0.0,0.0,0.6477777777777778,0.0,0.0,0.7055555555555555,0.0,0.0,0.7322222222222222,0.0,0.0,0.4722222222222222,0.0,0.1568627450980392,51,0.12903225806451613,31,fee8020
2026-10-04T00:20:52.165634+00:00,2026-10-03,AUN,2026-10-05,3,0.9335097705940936,Go,9,4,,0.19245008972987526,Models agree,9,644d953,live,1.0,1.0,0.0,,,,1.0,1.0,0.0,1.0,1.0,0.0,0.5555555555555556,0.3333333333333333,0.17333333333333334,1.0,1.0,0.011111111111111112,1.0,1.0,51,1.0,31,fee8020
2026-10-04T00:20:52.165634+00:00,2026-10-03,AUN,2026-10-06,4,0.971485333057424,Go,9,4,,0.0,Models agree,9,644d953,live,1.0,1.0,0.0,,,,1.0,1.0,0.0,1.0,1.0,0.0,1.0,1.0,0.0,1.0,1.0,0.044444444444444446,1.0,1.0,51,1.0,31,fee8020
2026-10-04T00:20:52.165634+00:00,2026-10-03,AUN,2026-10-07,5,0.9511006025590626,Go,9,4,,0.0,Models agree,9,644d953,live,1.0,1.0,0.0,,,,1.0,1.0,0.0,1.0,1.0,0.0,1.0,1.0,0.0,1.0,1.0,0.03888888888888889,1.0,1.0,51,1.0,31,fee8020
2026-10-04T00:20:52.165634+00:00,2026-10-03,AUN,2026-10-08,6,0.8521551999070269,Go,9,4,,0.4330127018922193,Models split,9,644d953,live,1.0,1.0,0.025555555555555557,,,,1.0,1.0,0.0,1.0,1.0,0.0,0.0,0.0,0.3111111111111111,1.0,1.0,0.11888888888888889,1.0,0.9803921568627451,51,1.0,31,fee8020
2026-10-04T00:20:52.165634+00:00,2026-10-03,AUN,2026-10-09,7,0.8176087966990498,Go,9,3,,0.3142696805273545,Models agree,9,644d953,live,0.3333333333333333,0.3333333333333333,0.46444444444444444,,,,1.0,1.0,0.0,1.0,1.0,0.0,,,,0.5555555555555556,0.5555555555555556,0.2,1.0,0.8823529411764706,51,0.5483870967741935,31,fee8020
2026-10-04T00:20:52.165634+00:00,2026-10-03,BIH,2026-10-03,1,0.8966079312835727,Go,10,5,,0.4000000000000001,Models split,10,644d953,live,1.0,1.0,0.018,0.0,0.0,0.961,1.0,1.0,0.0,1.0,1.0,0.0,1.0,1.0,0.01,1.0,1.0,0.125,1.0,1.0,51,1.0,31,fee8020
2026-10-04T00:20:52.165634+00:00,2026-10-03,BIH,2026-10-04,2,0.9661491961537172,Go,10,4,,0.0,Models agree,10,644d953,live,1.0,1.0,0.005,,,,1.0,1.0,0.0,1.0,1.0,0.0,1.0,1.0,0.031,1.0,1.0,0.06,1.0,1.0,51,1.0,31,fee8020
2026-10-04T00:20:52.165634+00:00,2026-10-03,BIH,2026-10-05,3,0.9151941657645847,Go,10,4,,0.08291561975888498,Models agree,10,644d953,live,0.9,0.9,0.122,,,,1.0,1.0,0.001,1.0,1.0,0.0,0.8,0.8,0.071,0.8,0.8,0.096,1.0,1.0,51,0.967741935483871,31,fee8020
2026-10-04T00:20:52.165634+00:00,2026-10-03,BIH,2026-10-06,4,0.9455210560176247,Go,10,4,,0.0,Models agree,10,644d953,live,1.0,1.0,0.016999999999999998,,,,1.0,1.0,0.0,1.0,1.0,0.0,1.0,1.0,0.018,1.0,1.0,0.037,1.0,1.0,51,1.0,31,fee8020
2026-10-04T00:20:52.165634+00:00,2026-10-03,BIH,2026-10-07,5,0.9197996033021605,Go,10,4,,0.0,Models agree,10,644d953,live,1.0,1.0,0.0,,,,1.0,1.0,0.0,1.0,1.0,0.0,1.0,1.0,0.024,1.0,1.0,0.039,1.0,1.0,51,1.0,31,fee8020
2026-10-04T00:20:52.165634+00:00,2026-10-03,BIH,2026-10-08,6,0.9042307315230964,Go,10,4,,0.0,Models agree,10,644d953,live,1.0,1.0,0.005,,,,1.0,1.0,0.0,1.0,1.0,0.0,1.0,1.0,0.008,1.0,1.0,0.05500000000000001,1.0,1.0,51,1.0,31,fee8020
2026-10-04T00:20:52.165634+00:00,2026-10-03,BIH,2026-10-09,7,0.6815835809819543,Maybe,10,3,,0.42426406871192857,Models split,10,644d953,live,0.1,0.1,0.7689999999999999,,,,1.0,1.0,0.0,1.0,1.0,0.0,,,,0.3,0.3,0.258,1.0,0.6470588235294118,51,0.5483870967741935,31,fee8020
2026-10-04T00:20:52.165634+00:00,2026-10-03,FAT,2026-10-03,1,0.7981854577127311,Go,9,5,,0.14740554623801774,Models agree,7,644d953,live,0.8888888888888888,0.6666666666666666,0.07666666666666667,0.5555555555555556,0.5555555555555556,0.4788888888888889,0.7777777777777778,0.7777777777777778,0.07777777777777778,1.0,1.0,0.0,0.7777777777777778,0.7777777777777778,0.24444444444444446,0.8888888888888888,0.7777777777777778,0.11333333333333334,1.0,1.0,51,1.0,31,fee8020
2026-10-04T00:20:52.165634+00:00,2026-10-03,FAT,2026-10-04,2,0.667816122778628,Maybe,9,4,,0.4330127018922193,Models split,9,644d953,live,1.0,1.0,0.0,,,,1.0,1.0,0.0,1.0,1.0,0.0,0.0,0.0,0.4633333333333333,1.0,1.0,0.10111111111111111,1.0,1.0,51,1.0,31,fee8020
2026-10-04T00:20:52.165634+00:00,2026-10-03,FAT,2026-10-05,3,0.876582436878263,Go,9,4,,0.09622504486493763,Models agree,9,644d953,live,1.0,1.0,0.030000000000000002,,,,1.0,1.0,0.0,1.0,1.0,0.0,0.7777777777777778,0.6666666666666666,0.07333333333333332,1.0,1.0,0.08777777777777779,1.0,1.0,51,1.0,31,fee8020
2026-10-04T00:20:52.165634+00:00,2026-10-03,FAT,2026-10-06,4,0.8753323536278154,Go,9,4,,0.09622504486493763,Models agree,9,644d953,live,1.0,1.0,0.018888888888888886,,,,1.0,1.0,0.0,1.0,1.0,0.0,0.7777777777777778,0.7777777777777778,0.08666666666666667,1.0,1.0,0.04,1.0,1.0,51,1.0,31,fee8020
2026-10-04T00:20:52.165634+00:00,2026-10-03,FAT,2026-10-07,5,0.8220022036929074,Go,10,4,,0.21650635094610965,Models agree,10,644d953,live,1.0,1.0,0.0,,,,1.0,1.0,0.0,1.0,1.0,0.0,0.5,0.5,0.161,1.0,1.0,0.05600000000000001,1.0,1.0,51,1.0,31,fee8020
2026-10-04T00:20:52.165634+00:00,2026-10-03,FAT,2026-10-08,6,0.8090553363119956,Go,10,4,,0.1299038105676658,Models agree,10,644d953,live,1.0,1.0,0.0,,,,1.0,1.0,0.0,1.0,1.0,0.0,0.7,0.7,0.123,1.0,1.0,0.073,1.0,0.9607843137254902,51,1.0,31,fee8020
2026-10-04T00:20:52.165634+00:00,2026-10-03,FAT,2026-10-09,7,0.539367215475527,Maybe,10,3,,0.26246692913372704,Models agree,5,644d953,live,0.4,0.4,0.46799999999999997,,,,1.0,1.0,0.0,0.5,0.3,0.21000000000000002,,,,0.4,0.4,0.252,1.0,0.7647058823529411,51,0.5161290322580645,31,fee8020
2026-10-04T00:20:52.165634+00:00,2026-10-03,SAC,2026-10-03,1,0.7598243348987196,Go,9,5,,0.08888888888888888,Models agree,6,644d953,live,0.6666666666666666,0.6666666666666666,0.3188888888888889,0.6666666666666666,0.6666666666666666,0.31555555555555553,0.6666666666666666,0.6666666666666666,0.18444444444444447,0.5555555555555556,0.5555555555555556,0.28555555555555556,0.4444444444444444,0.4444444444444444,0.5455555555555556,0.6666666666666666,0.6666666666666666,0.1688888888888889,1.0,1.0,51,1.0,31,fee8020
2026-10-04T00:20:52.165634+00:00,2026-10-03,SAC,2026-10-04,2,0.3917251461784272,Skip,9,4,,0.16433554953054488,Models agree,3,644d953,live,0.4444444444444444,0.4444444444444444,0.4822222222222222,,,,0.2222222222222222,0.2222222222222222,0.23333333333333334,0.3333333333333333,0.3333333333333333,0.5555555555555556,0.0,0.0,0.5955555555555555,0.4444444444444444,0.3333333333333333,0.22,1.0,0.5098039215686274,51,0.4838709677419355,31,fee8020
2026-10-04T00:20:52.165634+00:00,2026-10-03,SAC,2026-10-05,3,0.9446167521975486,Go,9,4,,0.14433756729740646,Models agree,9,644d953,live,1.0,1.0,0.0,,,,1.0,1.0,0.0,1.0,1.0,0.0,0.6666666666666666,0.6666666666666666,0.1088888888888889,1.0,1.0,0.0022222222222222222,1.0,1.0,51,1.0,31,fee8020
2026-10-04T00:20:52.165634+00:00,2026-10-03,SAC,2026-10-06,4,0.9707964805945536,Go,9,4,,0.0,Models agree,9,644d953,live,1.0,1.0,0.0,,,,1.0,1.0,0.0,1.0,1.0,0.0,1.0,1.0,0.02,1.0,1.0,0.012222222222222223,1.0,1.0,51,1.0,31,fee8020
2026-10-04T00:20:52.165634+00:00,2026-10-03,SAC,2026-10-07,5,0.950998438581119,Go,9,4,,0.0,Models agree,9,644d953,live,1.0,1.0,0.0,,,,1.0,1.0,0.0,1.0,1.0,0.0,1.0,1.0,0.022222222222222223,1.0,1.0,0.021111111111111112,1.0,1.0,51,1.0,31,fee8020
2026-10-04T00:20:52.165634+00:00,2026-10-03,SAC,2026-10-08,6,0.8425043439123667,Go,9,4,,0.4330127018922193,Models split,9,644d953,live,1.0,1.0,0.0,,,,1.0,1.0,0.0,1.0,1.0,0.0,0.0,0.0,0.45999999999999996,1.0,1.0,0.052222222222222225,1.0,0.9803921568627451,51,1.0,31,fee8020
2026-10-04T00:20:52.165634+00:00,2026-10-03,SAC,2026-10-09,7,0.7953583306272336,Go,9,3,,0.3142696805273545,Models agree,9,644d953,live,0.3333333333333333,0.3333333333333333,0.5744444444444444,,,,1.0,1.0,0.022222222222222223,1.0,1.0,0.0,,,,0.4444444444444444,0.4444444444444444,0.24000000000000002,1.0,0.9019607843137255,51,0.5483870967741935,31,fee8020
2026-10-04T00:20:52.165634+00:00,2026-10-03,TRK,2026-10-03,1,0.956697056420548,Go,9,5,,0.07027283689263066,Models agree,8,644d953,live,0.7777777777777778,0.7777777777777778,0.14222222222222222,0.8888888888888888,0.8888888888888888,0.04555555555555555,0.8888888888888888,0.8888888888888888,0.05666666666666667,1.0,1.0,0.03444444444444445,0.8888888888888888,0.8888888888888888,0.08555555555555555,0.8888888888888888,0.8888888888888888,0.05777777777777778,1.0,1.0,51,1.0,31,fee8020
2026-10-04T00:20:52.165634+00:00,2026-10-03,TRK,2026-10-04,2,0.039487476809625784,Skip,9,4,,0.09622504486493763,Models agree,0,644d953,live,0.0,0.0,1.0,,,,0.0,0.0,0.5988888888888888,0.2222222222222222,0.2222222222222222,0.4577777777777778,0.0,0.0,0.8688888888888889,0.0,0.0,0.5533333333333332,0.0,0.21568627450980393,51,0.0,31,fee8020
2026-10-04T00:20:52.165634+00:00,2026-10-03,TRK,2026-10-05,3,0.9361835762540297,Go,9,4,,0.05555555555555558,Models agree,8,644d953,live,0.8888888888888888,0.8888888888888888,0.10777777777777779,,,,1.0,1.0,0.0,1.0,1.0,0.0,0.8888888888888888,0.8888888888888888,0.06888888888888889,1.0,1.0,0.044444444444444446,1.0,1.0,51,1.0,31,fee8020
2026-10-04T00:20:52.165634+00:00,2026-10-03,TRK,2026-10-06,4,0.9575022573350996,Go,9,4,,0.0,Models agree,9,644d953,live,1.0,1.0,0.005555555555555556,,,,1.0,1.0,0.0,1.0,1.0,0.0,1.0,1.0,0.0,1.0,1.0,0.04666666666666667,1.0,1.0,51,1.0,31,fee8020
2026-10-04T00:20:52.165634+00:00,2026-10-03,TRK,2026-10-07,5,0.9349206526963264,Go,9,4,,0.0,Models agree,9,644d953,live,1.0,1.0,0.0,,,,1.0,1.0,0.0,1.0,1.0,0.0,1.0,1.0,0.0,1.0,1.0,0.07777777777777778,1.0,1.0,51,1.0,31,fee8020
2026-10-04T00:20:52.165634+00:00,2026-10-03,TRK,2026-10-08,6,0.8545455984298422,Go,9,4,,0.24056261216234406,Models agree,9,644d953,live,1.0,1.0,0.03888888888888889,,,,1.0,1.0,0.0,1.0,1.0,0.0,0.4444444444444444,0.4444444444444444,0.1788888888888889,1.0,1.0,0.14666666666666667,1.0,0.9607843137254902,51,0.967741935483871,31,fee8020
2026-10-04T00:20:52.165634+00:00,2026-10-03,TRK,2026-10-09,7,0.6832841545143532,Maybe,10,3,,0.4714045207910317,Models split,10,644d953,live,0.0,0.0,0.7300000000000001,,,,1.0,1.0,0.0,1.0,1.0,0.0,,,,0.0,0.0,0.272,0.0,0.8627450980392157,51,0.6129032258064516,31,fee8020
