issued_at_utc,issue_date,site,night_date,lead,p_usable,verdict,dark_hours,n_models_used,models_missing,spread,agreement,best_window_hours,blend_version,forecast_source,gfs_frac_clear,gfs_longest_clear_run_frac,gfs_mean_cover,hrrr_frac_clear,hrrr_longest_clear_run_frac,hrrr_mean_cover,ecmwf_frac_clear,ecmwf_longest_clear_run_frac,ecmwf_mean_cover,gem_frac_clear,gem_longest_clear_run_frac,gem_mean_cover,icon_frac_clear,icon_longest_clear_run_frac,icon_mean_cover,nbm_frac_clear,nbm_longest_clear_run_frac,nbm_mean_cover,nbm_pred_usable,ens_ecmwf_p_usable,ens_ecmwf_members,ens_gefs_p_usable,ens_gefs_members,code_version,usable_primary,usable_asos,usable_era5,exclusion_primary,month,p_climatology
2026-10-01T01:03:30.452325+00:00,2026-09-30,AUN,2026-09-30,1,0.9885687102689978,Go,9,5,,0.0,Models agree,9,644d953,live,1.0,1.0,0.0,1.0,1.0,0.0,1.0,1.0,0.0,1.0,1.0,0.0,1.0,1.0,0.0,1.0,1.0,0.0133333333333333,1.0,1.0,51,1.0,31,50b4211,True,True,True,,9,0.8208695652173913
2026-10-01T01:03:30.452325+00:00,2026-09-30,AUN,2026-10-01,2,0.2960211552474667,Skip,9,4,,0.2290614236454256,Models agree,1,644d953,live,0.3333333333333333,0.3333333333333333,0.6277777777777778,,,,0.2222222222222222,0.2222222222222222,0.4933333333333334,0.7777777777777778,0.4444444444444444,0.1277777777777777,0.2222222222222222,0.2222222222222222,0.6433333333333333,0.8888888888888888,0.4444444444444444,0.1244444444444444,1.0,0.2352941176470588,51,0.032258064516129,31,50b4211,False,True,False,,10,0.662847790507365
2026-10-01T01:03:30.452325+00:00,2026-09-30,BIH,2026-09-30,1,0.97626210540169,Go,9,5,,0.0,Models agree,9,644d953,live,1.0,1.0,0.0,1.0,1.0,0.0,1.0,1.0,0.0,1.0,1.0,0.0,1.0,1.0,0.0,1.0,1.0,0.0422222222222222,1.0,1.0,51,1.0,31,50b4211,True,True,True,,9,0.8464163822525598
2026-10-01T01:03:30.452325+00:00,2026-09-30,BIH,2026-10-01,2,0.8744346605645829,Go,9,4,,0.1821510701195,Models agree,9,644d953,live,0.5555555555555556,0.4444444444444444,0.4322222222222222,,,,1.0,1.0,0.0,1.0,1.0,0.0,0.8888888888888888,0.7777777777777778,0.1155555555555555,1.0,1.0,0.0788888888888888,1.0,0.9607843137254902,51,0.9032258064516128,31,50b4211,True,True,True,,10,0.7944535073409462
2026-10-01T01:03:30.452325+00:00,2026-09-30,FAT,2026-09-30,1,0.945112884073908,Go,9,5,,0.0,Models agree,9,644d953,live,1.0,1.0,0.0,1.0,1.0,0.0,1.0,1.0,0.0,1.0,1.0,0.0,1.0,1.0,0.0,1.0,1.0,0.0355555555555555,1.0,1.0,51,1.0,31,50b4211,True,True,True,,9,0.78
2026-10-01T01:03:30.452325+00:00,2026-09-30,FAT,2026-10-01,2,0.6955871004405204,Maybe,9,4,,0.1242259987499883,Models agree,5,644d953,live,0.7777777777777778,0.4444444444444444,0.2244444444444444,,,,0.6666666666666666,0.6666666666666666,0.1422222222222222,1.0,1.0,0.0188888888888888,0.8888888888888888,0.5555555555555556,0.1,1.0,1.0,0.0788888888888888,1.0,0.8627450980392157,51,0.7096774193548387,31,50b4211,False,True,True,,10,0.6946688206785138
2026-10-01T01:03:30.452325+00:00,2026-09-30,SAC,2026-09-30,1,0.9881620087806836,Go,9,5,,0.0,Models agree,9,644d953,live,1.0,1.0,0.0,1.0,1.0,0.0,1.0,1.0,0.0,1.0,1.0,0.0,1.0,1.0,0.0,1.0,1.0,0.0022222222222222,1.0,1.0,51,1.0,31,50b4211,True,True,True,,9,0.8394648829431438
2026-10-01T01:03:30.452325+00:00,2026-09-30,SAC,2026-10-01,2,0.2828431686295728,Skip,9,4,,0.2357022603955158,Models agree,2,644d953,live,0.5555555555555556,0.5555555555555556,0.4866666666666666,,,,0.2222222222222222,0.2222222222222222,0.5077777777777778,0.7777777777777778,0.5555555555555556,0.1755555555555555,0.2222222222222222,0.2222222222222222,0.7444444444444445,0.7777777777777778,0.5555555555555556,0.1455555555555555,1.0,0.1372549019607843,51,0.0,31,50b4211,False,True,False,,10,0.7022653721682848
2026-10-01T01:03:30.452325+00:00,2026-09-30,TRK,2026-09-30,1,0.9785653101393824,Go,9,5,,0.0,Models agree,9,644d953,live,1.0,1.0,0.0,1.0,1.0,0.0,1.0,1.0,0.0,1.0,1.0,0.0,1.0,1.0,0.0,1.0,1.0,0.0311111111111111,1.0,1.0,51,1.0,31,50b4211,True,True,True,,9,0.7370441458733206
2026-10-01T01:03:30.452325+00:00,2026-09-30,TRK,2026-10-01,2,0.2073264730859042,Skip,9,4,,0.4110735718596872,Models split,0,644d953,live,0.0,0.0,0.9011111111111112,,,,0.4444444444444444,0.4444444444444444,0.3777777777777777,1.0,1.0,0.0166666666666666,0.0,0.0,0.74,0.6666666666666666,0.5555555555555556,0.1588888888888888,1.0,0.3529411764705882,51,0.1290322580645161,31,50b4211,False,True,False,,10,0.6335740072202166
2026-10-02T01:16:53.935878+00:00,2026-10-01,AUN,2026-10-01,1,0.130802295902229,Skip,9,5,,0.2897423291201177,Models split,0,644d953,live,0.1111111111111111,0.1111111111111111,0.8933333333333332,0.0,0.0,0.9711111111111111,0.0,0.0,0.7233333333333333,0.7777777777777778,0.4444444444444444,0.1077777777777777,0.2222222222222222,0.2222222222222222,0.6166666666666667,0.2222222222222222,0.1111111111111111,0.2833333333333333,0.0,0.2156862745098039,51,0.064516129032258,31,10a9158,False,True,False,,10,0.662847790507365
2026-10-02T01:16:53.935878+00:00,2026-10-01,BIH,2026-10-01,1,0.903800624457222,Go,9,5,,0.2060804110110156,Models agree,5,644d953,live,0.4444444444444444,0.4444444444444444,0.4377777777777777,0.7777777777777778,0.4444444444444444,0.1655555555555555,1.0,1.0,0.0088888888888888,1.0,1.0,0.0,0.8888888888888888,0.5555555555555556,0.0388888888888888,1.0,1.0,0.0611111111111111,1.0,1.0,51,1.0,31,10a9158,True,True,True,,10,0.7944535073409462
2026-10-02T01:16:53.935878+00:00,2026-10-01,FAT,2026-10-01,1,0.3624620372880486,Skip,9,5,,0.2533723166886973,Models agree,3,644d953,live,0.5555555555555556,0.4444444444444444,0.4833333333333333,0.7777777777777778,0.4444444444444444,0.2066666666666666,0.2222222222222222,0.1111111111111111,0.4177777777777777,0.8888888888888888,0.5555555555555556,0.0766666666666666,0.8888888888888888,0.8888888888888888,0.1011111111111111,1.0,1.0,0.0788888888888888,1.0,0.8823529411764706,51,0.6774193548387096,31,10a9158,False,True,True,,10,0.6946688206785138
2026-10-02T01:16:53.935878+00:00,2026-10-01,SAC,2026-10-01,1,0.0650185249276978,Skip,9,5,,0.25915341754868,Models split,0,644d953,live,0.0,0.0,0.9966666666666668,0.0,0.0,1.0,0.0,0.0,0.8455555555555556,0.6666666666666666,0.4444444444444444,0.1411111111111111,0.1111111111111111,0.1111111111111111,0.7544444444444445,0.1111111111111111,0.1111111111111111,0.2833333333333333,0.0,0.196078431372549,51,0.032258064516129,31,10a9158,False,True,False,,10,0.7022653721682848
2026-10-02T01:16:53.935878+00:00,2026-10-01,TRK,2026-10-01,1,0.1855013430041718,Skip,9,5,,0.2931312435171759,Models split,2,644d953,live,0.2222222222222222,0.2222222222222222,0.7855555555555556,0.1111111111111111,0.1111111111111111,0.8888888888888888,0.1111111111111111,0.1111111111111111,0.5522222222222222,0.8888888888888888,0.5555555555555556,0.0333333333333333,0.4444444444444444,0.2222222222222222,0.5155555555555555,0.2222222222222222,0.2222222222222222,0.3444444444444444,0.0,0.3137254901960784,51,0.2258064516129032,31,10a9158,False,True,False,,10,0.6335740072202166
